<?xml version="1.0" encoding="UTF-8"?>
<project-private xmlns="http://www.netbeans.org/ns/project-private/1">
    <editor-bookmarks xmlns="http://www.netbeans.org/ns/editor-bookmarks/2" lastBookmarkId="0"/>
    <open-files xmlns="http://www.netbeans.org/ns/projectui-open-files/2">
        <group>
            <file>file:/C:/Users/Dell/Documents/NetBeansProjects/Note_Keeping_App/src/model/Note.java</file>
            <file>file:/C:/Users/Dell/Documents/NetBeansProjects/Note_Keeping_App/src/dataaccess/NoteDAO.java</file>
            <file>file:/C:/Users/Dell/Documents/NetBeansProjects/Note_Keeping_App/src/service/NoteService.java</file>
            <file>file:/C:/Users/Dell/Documents/NetBeansProjects/Note_Keeping_App/src/presentation/NoteApp.java</file>
        </group>
    </open-files>
</project-private>
